Workbook

Sheet Start here
A1: Open enrollment site plan (example)
A2: County: Comal County, TX. Chosen by rule: the median-population county among those in states that have not expanded Medicaid (so the coverage gap is not zero) with 8 or more candidate venues.
A3: An example on public data, not client work. Model outputs are estimate ranges, not forecasts.
A5: Plan: choose who counts and your staff hours (yellow); expected reach, its 90% interval and the weeks to see everyone recalculate.
A6: Call sheet: one row per census tract with the modelled number of uninsured people in each group, their spread and correlation, and how much of the tract each site reaches.
A7: ZIP roll-up: the same numbers by ZIP area, split by the share of each tract's land in the ZIP area (so some people are placed on empty land).
A8: Venues: every library and health center site in the county that the planner considered. The five in the plan are marked.
A9: To pick different sites, use the planner on the page, which runs the same rule.

Sheet Plan
A1: Open enrollment site plan: Comal County, TX
A2: An example on public data, not client work. Yellow cells are yours to change; the rest recalculates.
A4: 1. Who counts
A5: Count these groups (Yes or No) | C5: Children | D5: Medicaid range | E5: Subsidy range | F5: Coverage gap | G5: 400% and over | H5: Noncitizen adults
A6: 1 counts the group, 0 leaves it out | C6: 1 | D6: 1 | E6: 1 | F6: 0 | G6: 0 | H6: 0
A7: Noncitizen adults: eligibility varies; the survey cannot tell who can get help paying premiums. Children at 400% of poverty and over are in the 400% group.
A8: Expected reach = sum over tracts of eligible people x min(1, sum of the sites' weights for the tract). A site's weight for a tract is exp(-2 (d / R)^2) up to R miles, so a tract at the limit counts 14% of its people. It is not a headcount of people who will come.
A9: 2. What the five sites reach (distance 15 miles, straight line x 1.3)
A10: Eligible uninsured people in the county | B10: =SUM('Call sheet'!$AE$2:$AE$34) -> 10339.4
A11: Expected reach of the plan (people, distance-weighted) | B11: =SUMPRODUCT('Call sheet'!$AE$2:$AE$34,'Call sheet'!$AG$2:$AG$34) -> 9363.7418
A12: Expected reach as a share of the county's eligible people | B12: =B11/B10 -> 0.90563686
A13: County factor for the interval (from the model draws) | B13: 2.222
A14: Expected reach, 90% interval low | B14: =MAX(0,B11-1.645*B13*SQRT(SUMPRODUCT('Call sheet'!$AG$2:$AG$34^2,'Call sheet'!$AF$2:$AF$34^2))) -> 8189.8975
A15: Expected reach, 90% interval high | B15: =MIN(B10,B11+1.645*B13*SQRT(SUMPRODUCT('Call sheet'!$AG$2:$AG$34^2,'Call sheet'!$AF$2:$AF$34^2))) -> 10339.4
A16: The interval is for the default settings (five sites, the default distance). It counts the model's tract ranges and the correlation between the groups you switch on.
A17: 3. Staff hours
A18: Navigators or counselors at each event | B18: 2
A19: Appointments one person can do in a day | B19: 6
A20: Days a week each site is open | B20: 3
A21: Weeks before the date that matters to you | B21: 6
A22: Appointments a site can do in a week | B22: =B18*B19*B20 -> 36
A23: Appointments the staff hours provide before that date, all sites | B23: =B22*B21*5 -> 1080
A24: Each person needs one appointment: share of the expected reach the staff hours can see | B24: =MIN(1,B23/B11) -> 0.11533851
A25: 4. The sites
A26: Site | B26: Kind | C26: Address | D26: Expected reach of this site (people) | E26: Weeks to see them all | F26: Share seen in the weeks you have
A27: New Braunfels Public Library | B27: Library | C27: 700 E Common St, New Braunfels 78130 | D27: =SUMPRODUCT('Call sheet'!$AE$2:$AE$34,'Call sheet'!$AH$2:$AH$34) -> 5672.2015 | E27: =D27/$B$22 -> 157.56115 | F27: =MIN(1,$B$21/E27) -> 0.038080452
A28: Tye Preston Memorial Library | B28: Library | C28: 16311 S Access Rd, Canyon Lake 78133 | D28: =SUMPRODUCT('Call sheet'!$AE$2:$AE$34,'Call sheet'!$AI$2:$AI$34) -> 1679.6638 | E28: =D28/$B$22 -> 46.657327 | F28: =MIN(1,$B$21/E28) -> 0.12859717
A29: Mammen Family Public Library | B29: Library | C29: 131 Bulverde Crossing Rd, Bulverde 78163 | D29: =SUMPRODUCT('Call sheet'!$AE$2:$AE$34,'Call sheet'!$AJ$2:$AJ$34) -> 1099.4176 | E29: =D29/$B$22 -> 30.539377 | F29: =MIN(1,$B$21/E29) -> 0.19646766
A30: Westside Community Center Library | B30: Library | C30: 2932 S Ih 35, New Braunfels 78130 | D30: =SUMPRODUCT('Call sheet'!$AE$2:$AE$34,'Call sheet'!$AK$2:$AK$34) -> 5117.2053 | E30: =D30/$B$22 -> 142.14459 | F30: =MIN(1,$B$21/E30) -> 0.04221054
A31: City Of Garden Ridge Library | B31: Library | C31: 9400 Municipal Pkwy, Garden Ridge 78266 | D31: =SUMPRODUCT('Call sheet'!$AE$2:$AE$34,'Call sheet'!$AL$2:$AL$34) -> 987.43324 | E31: =D31/$B$22 -> 27.428701 | F31: =MIN(1,$B$21/E31) -> 0.21874897
A33: Sites overlap, so the expected reach of each site adds up to more than the plan's expected reach in B11.

Sheet Call sheet
A1: Tract | B1: Nearest ZIP area | C1: Population | D1: Children | E1: Medicaid range | F1: Subsidy range | G1: Coverage gap | H1: 400% and over | I1: Noncitizen adults | J1: sd Children | K1: sd Medicaid range | L1: sd Subsidy range | M1: sd Coverage gap | N1: sd 400% and over | O1: sd Noncitizen adults | P1: corr Children / Medicaid range | Q1: corr Children / Subsidy range | R1: corr Children / Coverage gap | S1: corr Children / 400% and over | T1: corr Children / Noncitizen adults | U1: corr Medicaid range / Subsidy range | V1: corr Medicaid range / Coverage gap | W1: corr Medicaid range / 400% and over | X1: corr Medicaid range / Noncitizen adults | Y1: corr Subsidy range / Coverage gap | Z1: corr Subsidy range / 400% and over | AA1: corr Subsidy range / Noncitizen adults | AB1: corr Coverage gap / 400% and over | AC1: corr Coverage gap / Noncitizen adults | AD1: corr 400% and over / Noncitizen adults | AE1: Eligible (who counts) | AF1: Spread of eligible (sd) | AG1: Share of the tract reached by the plan (distance-weighted) | AH1: Reach weight of site 1 | AI1: Reach weight of site 2 | AJ1: Reach weight of site 3 | AK1: Reach weight of site 4 | AL1: Reach weight of site 5 | AM1: Survey's own count (default tiers) | AN1: Can be ranked
A2: 48091310904 | B2: 78130 | C2: 11717 | D2: 244.7 | E2: 0 | F2: 896.29999 | G2: 165.60001 | H2: 160.39999 | I2: 111 | J2: 74.446 | K2: 0 | L2: 137.744 | M2: 25.417 | N2: 53.393 | O2: 14.354 | P2: 0 | Q2: 0.082 | R2: 0.143 | S2: 0.087 | T2: 0.119 | U2: 0 | V2: 0 | W2: 0 | X2: 0 | Y2: 0.366 | Z2: 0.052 | AA2: 0.95 | AB2: 0.097 | AC2: 0.595 | AD2: 0.235 | AE2: =SUMPRODUCT(Plan!$C$6:$H$6,D2:I2) -> 1141 | AF2: =SQRT(MAX(0,Plan!$C$6*J2^2+Plan!$D$6*K2^2+Plan!$E$6*L2^2+Plan!$F$6*M2^2+Plan!$G$6*N2^2+Plan!$H$6*O2^2+2*Plan!$C$6*Plan!$D$6*P2*J2*K2+2*Plan!$C$6*Plan!$E$6*Q2*J2*L2+2*Plan!$C$6*Plan!$F$6*R2*J2*M2+2*Plan!$C$6*Plan!$G$6*S2*J2*N2+2*Plan!$C$6*Plan!$H$6*T2*J2*O2+2*Plan!$D$6*Plan!$E$6*U2*K2*L2+2*Plan!$D$6*Plan!$F$6*V2*K2*M2+2*Plan!$D$6*Plan!$G$6*W2*K2*N2+2*Plan!$D$6*Plan!$H$6*X2*K2*O2+2*Plan!$E$6*Plan!$F$6*Y2*L2*M2+2*Plan!$E$6*Plan!$G$6*Z2*L2*N2+2*Plan!$E$6*Plan!$H$6*AA2*L2*O2+2*Plan!$F$6*Plan!$G$6*AB2*M2*N2+2*Plan!$F$6*Plan!$H$6*AC2*M2*O2+2*Plan!$G$6*Plan!$H$6*AD2*N2*O2)) -> 161.85596 | AG2: =MIN(1,SUM(AH2:AL2)) -> 1 | AH2: 0.6618 | AI2: 0 | AJ2: 0 | AK2: 0.3581 | AL2: 0 | AM2: 1148 | AN2: 1
A3: 48091310502 | B3: 78130 | C3: 9789 | D3: 188.10001 | E3: 0 | F3: 840.29999 | G3: 255.2 | H3: 249.3 | I3: 1.4 | J3: 54.488 | K3: 0 | L3: 132.674 | M3: 37.195 | N3: 57.571 | O3: 0.17 | P3: 0 | Q3: 0.112 | R3: 0.153 | S3: 0.115 | T3: 0.15 | U3: 0 | V3: 0 | W3: 0 | X3: 0 | Y3: 0.209 | Z3: 0.008 | AA3: 0.923 | AB3: 0.128 | AC3: 0.522 | AD3: 0.234 | AE3: =SUMPRODUCT(Plan!$C$6:$H$6,D3:I3) -> 1028.4 | AF3: =SQRT(MAX(0,Plan!$C$6*J3^2+Plan!$D$6*K3^2+Plan!$E$6*L3^2+Plan!$F$6*M3^2+Plan!$G$6*N3^2+Plan!$H$6*O3^2+2*Plan!$C$6*Plan!$D$6*P3*J3*K3+2*Plan!$C$6*Plan!$E$6*Q3*J3*L3+2*Plan!$C$6*Plan!$F$6*R3*J3*M3+2*Plan!$C$6*Plan!$G$6*S3*J3*N3+2*Plan!$C$6*Plan!$H$6*T3*J3*O3+2*Plan!$D$6*Plan!$E$6*U3*K3*L3+2*Plan!$D$6*Plan!$F$6*V3*K3*M3+2*Plan!$D$6*Plan!$G$6*W3*K3*N3+2*Plan!$D$6*Plan!$H$6*X3*K3*O3+2*Plan!$E$6*Plan!$F$6*Y3*L3*M3+2*Plan!$E$6*Plan!$G$6*Z3*L3*N3+2*Plan!$E$6*Plan!$H$6*AA3*L3*O3+2*Plan!$F$6*Plan!$G$6*AB3*M3*N3+2*Plan!$F$6*Plan!$H$6*AC3*M3*O3+2*Plan!$G$6*Plan!$H$6*AD3*N3*O3)) -> 148.9653 | AG3: =MIN(1,SUM(AH3:AL3)) -> 1 | AH3: 0.9288 | AI3: 0 | AJ3: 0 | AK3: 0.7263 | AL3: 0 | AM3: 668.29999 | AN3: 1
A4: 48091310401 | B4: 78130 | C4: 5467 | D4: 174.39999 | E4: 0 | F4: 435.20001 | G4: 41.700001 | H4: 127.3 | I4: 558.09998 | J4: 29.615 | K4: 0 | L4: 38.645 | M4: 4.261 | N4: 18.953 | O4: 43.478 | P4: 0 | Q4: 0.136 | R4: 0.147 | S4: 0.098 | T4: 0.156 | U4: 0 | V4: 0 | W4: 0 | X4: 0 | Y4: 0.49 | Z4: 0.11 | AA4: 0.953 | AB4: 0.131 | AC4: 0.666 | AD4: 0.322 | AE4: =SUMPRODUCT(Plan!$C$6:$H$6,D4:I4) -> 609.60001 | AF4: =SQRT(MAX(0,Plan!$C$6*J4^2+Plan!$D$6*K4^2+Plan!$E$6*L4^2+Plan!$F$6*M4^2+Plan!$G$6*N4^2+Plan!$H$6*O4^2+2*Plan!$C$6*Plan!$D$6*P4*J4*K4+2*Plan!$C$6*Plan!$E$6*Q4*J4*L4+2*Plan!$C$6*Plan!$F$6*R4*J4*M4+2*Plan!$C$6*Plan!$G$6*S4*J4*N4+2*Plan!$C$6*Plan!$H$6*T4*J4*O4+2*Plan!$D$6*Plan!$E$6*U4*K4*L4+2*Plan!$D$6*Plan!$F$6*V4*K4*M4+2*Plan!$D$6*Plan!$G$6*W4*K4*N4+2*Plan!$D$6*Plan!$H$6*X4*K4*O4+2*Plan!$E$6*Plan!$F$6*Y4*L4*M4+2*Plan!$E$6*Plan!$G$6*Z4*L4*N4+2*Plan!$E$6*Plan!$H$6*AA4*L4*O4+2*Plan!$F$6*Plan!$G$6*AB4*M4*N4+2*Plan!$F$6*Plan!$H$6*AC4*M4*O4+2*Plan!$G$6*Plan!$H$6*AD4*N4*O4)) -> 51.785911 | AG4: =MIN(1,SUM(AH4:AL4)) -> 1 | AH4: 0.8838 | AI4: 0 | AJ4: 0 | AK4: 0.9983 | AL4: 0.242 | AM4: 351.5 | AN4: 1
A5: 48091310503 | B5: 78130 | C5: 7331 | D5: 142.39999 | E5: 0 | F5: 441.89999 | G5: 150.10001 | H5: 128.89999 | I5: 31.9 | J5: 40.903 | K5: 0 | L5: 69.74 | M5: 24.44 | N5: 42.442 | O5: 4.095 | P5: 0 | Q5: 0.161 | R5: 0.149 | S5: 0.085 | T5: 0.187 | U5: 0 | V5: 0 | W5: 0 | X5: 0 | Y5: 0.353 | Z5: 0.044 | AA5: 0.894 | AB5: 0.106 | AC5: 0.677 | AD5: 0.303 | AE5: =SUMPRODUCT(Plan!$C$6:$H$6,D5:I5) -> 584.29999 | AF5: =SQRT(MAX(0,Plan!$C$6*J5^2+Plan!$D$6*K5^2+Plan!$E$6*L5^2+Plan!$F$6*M5^2+Plan!$G$6*N5^2+Plan!$H$6*O5^2+2*Plan!$C$6*Plan!$D$6*P5*J5*K5+2*Plan!$C$6*Plan!$E$6*Q5*J5*L5+2*Plan!$C$6*Plan!$F$6*R5*J5*M5+2*Plan!$C$6*Plan!$G$6*S5*J5*N5+2*Plan!$C$6*Plan!$H$6*T5*J5*O5+2*Plan!$D$6*Plan!$E$6*U5*K5*L5+2*Plan!$D$6*Plan!$F$6*V5*K5*M5+2*Plan!$D$6*Plan!$G$6*W5*K5*N5+2*Plan!$D$6*Plan!$H$6*X5*K5*O5+2*Plan!$E$6*Plan!$F$6*Y5*L5*M5+2*Plan!$E$6*Plan!$G$6*Z5*L5*N5+2*Plan!$E$6*Plan!$H$6*AA5*L5*O5+2*Plan!$F$6*Plan!$G$6*AB5*M5*N5+2*Plan!$F$6*Plan!$H$6*AC5*M5*O5+2*Plan!$G$6*Plan!$H$6*AD5*N5*O5)) -> 86.343802 | AG5: =MIN(1,SUM(AH5:AL5)) -> 1 | AH5: 0.9665 | AI5: 0.1786 | AJ5: 0 | AK5: 0.7279 | AL5: 0 | AM5: 1008.3 | AN5: 0
A6: 48091310200 | B6: 78130 | C6: 3465 | D6: 50.700001 | E6: 0 | F6: 435.39999 | G6: 57.099998 | H6: 81.5 | I6: 51.700001 | J6: 12.553 | K6: 0 | L6: 57.056 | M6: 8.458 | N6: 18.301 | O6: 5.886 | P6: 0 | Q6: 0.105 | R6: 0.164 | S6: 0.334 | T6: 0.146 | U6: 0 | V6: 0 | W6: 0 | X6: 0 | Y6: 0.274 | Z6: 0.122 | AA6: 0.968 | AB6: 0.098 | AC6: 0.467 | AD6: 0.265 | AE6: =SUMPRODUCT(Plan!$C$6:$H$6,D6:I6) -> 486.09999 | AF6: =SQRT(MAX(0,Plan!$C$6*J6^2+Plan!$D$6*K6^2+Plan!$E$6*L6^2+Plan!$F$6*M6^2+Plan!$G$6*N6^2+Plan!$H$6*O6^2+2*Plan!$C$6*Plan!$D$6*P6*J6*K6+2*Plan!$C$6*Plan!$E$6*Q6*J6*L6+2*Plan!$C$6*Plan!$F$6*R6*J6*M6+2*Plan!$C$6*Plan!$G$6*S6*J6*N6+2*Plan!$C$6*Plan!$H$6*T6*J6*O6+2*Plan!$D$6*Plan!$E$6*U6*K6*L6+2*Plan!$D$6*Plan!$F$6*V6*K6*M6+2*Plan!$D$6*Plan!$G$6*W6*K6*N6+2*Plan!$D$6*Plan!$H$6*X6*K6*O6+2*Plan!$E$6*Plan!$F$6*Y6*L6*M6+2*Plan!$E$6*Plan!$G$6*Z6*L6*N6+2*Plan!$E$6*Plan!$H$6*AA6*L6*O6+2*Plan!$F$6*Plan!$G$6*AB6*M6*N6+2*Plan!$F$6*Plan!$H$6*AC6*M6*O6+2*Plan!$G$6*Plan!$H$6*AD6*N6*O6)) -> 59.693986 | AG6: =MIN(1,SUM(AH6:AL6)) -> 1 | AH6: 0.9976 | AI6: 0.1474 | AJ6: 0 | AK6: 0.8729 | AL6: 0 | AM6: 508.10001 | AN6: 1
A7: 48091310804 | B7: 78132 | C7: 6750 | D7: 166.60001 | E7: 0 | F7: 295.39999 | G7: 68.900002 | H7: 99 | I7: 228.10001 | J7: 49.99 | K7: 0 | L7: 55.761 | M7: 9.824 | N7: 31.295 | O7: 33.084 | P7: 0 | Q7: 0.116 | R7: 0.179 | S7: 0.144 | T7: 0.159 | U7: 0 | V7: 0 | W7: 0 | X7: 0 | Y7: 0.253 | Z7: 0.041 | AA7: 0.942 | AB7: 0.106 | AC7: 0.46 | AD7: 0.306 | AE7: =SUMPRODUCT(Plan!$C$6:$H$6,D7:I7) -> 462 | AF7: =SQRT(MAX(0,Plan!$C$6*J7^2+Plan!$D$6*K7^2+Plan!$E$6*L7^2+Plan!$F$6*M7^2+Plan!$G$6*N7^2+Plan!$H$6*O7^2+2*Plan!$C$6*Plan!$D$6*P7*J7*K7+2*Plan!$C$6*Plan!$E$6*Q7*J7*L7+2*Plan!$C$6*Plan!$F$6*R7*J7*M7+2*Plan!$C$6*Plan!$G$6*S7*J7*N7+2*Plan!$C$6*Plan!$H$6*T7*J7*O7+2*Plan!$D$6*Plan!$E$6*U7*K7*L7+2*Plan!$D$6*Plan!$F$6*V7*K7*M7+2*Plan!$D$6*Plan!$G$6*W7*K7*N7+2*Plan!$D$6*Plan!$H$6*X7*K7*O7+2*Plan!$E$6*Plan!$F$6*Y7*L7*M7+2*Plan!$E$6*Plan!$G$6*Z7*L7*N7+2*Plan!$E$6*Plan!$H$6*AA7*L7*O7+2*Plan!$F$6*Plan!$G$6*AB7*M7*N7+2*Plan!$F$6*Plan!$H$6*AC7*M7*O7+2*Plan!$G$6*Plan!$H$6*AD7*N7*O7)) -> 79.088479 | AG7: =MIN(1,SUM(AH7:AL7)) -> 1 | AH7: 0.3767 | AI7: 0 | AJ7: 0 | AK7: 0.6853 | AL7: 0.6924 | AM7: 216.2 | AN7: 0
A8: 48091310406 | B8: 78130 | C8: 7125 | D8: 166.39999 | E8: 0 | F8: 265.60001 | G8: 65.400002 | H8: 289.89999 | I8: 0.69999999 | J8: 50.375 | K8: 0 | L8: 61.868 | M8: 10.42 | N8: 52.689 | O8: 0.105 | P8: 0 | Q8: 0.102 | R8: 0.194 | S8: 0.055 | T8: 0.138 | U8: 0 | V8: 0 | W8: 0 | X8: 0 | Y8: 0.201 | Z8: 0.02 | AA8: 0.905 | AB8: 0.073 | AC8: 0.391 | AD8: 0.401 | AE8: =SUMPRODUCT(Plan!$C$6:$H$6,D8:I8) -> 432 | AF8: =SQRT(MAX(0,Plan!$C$6*J8^2+Plan!$D$6*K8^2+Plan!$E$6*L8^2+Plan!$F$6*M8^2+Plan!$G$6*N8^2+Plan!$H$6*O8^2+2*Plan!$C$6*Plan!$D$6*P8*J8*K8+2*Plan!$C$6*Plan!$E$6*Q8*J8*L8+2*Plan!$C$6*Plan!$F$6*R8*J8*M8+2*Plan!$C$6*Plan!$G$6*S8*J8*N8+2*Plan!$C$6*Plan!$H$6*T8*J8*O8+2*Plan!$D$6*Plan!$E$6*U8*K8*L8+2*Plan!$D$6*Plan!$F$6*V8*K8*M8+2*Plan!$D$6*Plan!$G$6*W8*K8*N8+2*Plan!$D$6*Plan!$H$6*X8*K8*O8+2*Plan!$E$6*Plan!$F$6*Y8*L8*M8+2*Plan!$E$6*Plan!$G$6*Z8*L8*N8+2*Plan!$E$6*Plan!$H$6*AA8*L8*O8+2*Plan!$F$6*Plan!$G$6*AB8*M8*N8+2*Plan!$F$6*Plan!$H$6*AC8*M8*O8+2*Plan!$G$6*Plan!$H$6*AD8*N8*O8)) -> 83.672436 | AG8: =MIN(1,SUM(AH8:AL8)) -> 1 | AH8: 0.8152 | AI8: 0 | AJ8: 0 | AK8: 0.9933 | AL8: 0.2686 | AM8: 314.60001 | AN8: 0
A9: 48091310501 | B9: 78130 | C9: 4556 | D9: 111.5 | E9: 0 | F9: 281.70001 | G9: 115.1 | H9: 67.199997 | I9: 54.299999 | J9: 26.96 | K9: 0 | L9: 43.235 | M9: 16.13 | N9: 18.583 | O9: 6.45 | P9: 0 | Q9: 0.168 | R9: 0.17 | S9: 0.108 | T9: 0.207 | U9: 0 | V9: 0 | W9: 0 | X9: 0 | Y9: 0.291 | Z9: 0.109 | AA9: 0.899 | AB9: 0.163 | AC9: 0.65 | AD9: 0.314 | AE9: =SUMPRODUCT(Plan!$C$6:$H$6,D9:I9) -> 393.20001 | AF9: =SQRT(MAX(0,Plan!$C$6*J9^2+Plan!$D$6*K9^2+Plan!$E$6*L9^2+Plan!$F$6*M9^2+Plan!$G$6*N9^2+Plan!$H$6*O9^2+2*Plan!$C$6*Plan!$D$6*P9*J9*K9+2*Plan!$C$6*Plan!$E$6*Q9*J9*L9+2*Plan!$C$6*Plan!$F$6*R9*J9*M9+2*Plan!$C$6*Plan!$G$6*S9*J9*N9+2*Plan!$C$6*Plan!$H$6*T9*J9*O9+2*Plan!$D$6*Plan!$E$6*U9*K9*L9+2*Plan!$D$6*Plan!$F$6*V9*K9*M9+2*Plan!$D$6*Plan!$G$6*W9*K9*N9+2*Plan!$D$6*Plan!$H$6*X9*K9*O9+2*Plan!$E$6*Plan!$F$6*Y9*L9*M9+2*Plan!$E$6*Plan!$G$6*Z9*L9*N9+2*Plan!$E$6*Plan!$H$6*AA9*L9*O9+2*Plan!$F$6*Plan!$G$6*AB9*M9*N9+2*Plan!$F$6*Plan!$H$6*AC9*M9*O9+2*Plan!$G$6*Plan!$H$6*AD9*N9*O9)) -> 54.660348 | AG9: =MIN(1,SUM(AH9:AL9)) -> 1 | AH9: 0.9922 | AI9: 0 | AJ9: 0 | AK9: 0.8596 | AL9: 0 | AM9: 223 | AN9: 1
A10: 48091310404 | B10: 78130 | C10: 4821 | D10: 120.8 | E10: 0 | F10: 261.10001 | G10: 22.5 | H10: 116 | I10: 179.10001 | J10: 28.604 | K10: 0 | L10: 35.045 | M10: 2.712 | N10: 32.218 | O10: 20.931 | P10: 0 | Q10: 0.17 | R10: 0.203 | S10: 0.125 | T10: 0.208 | U10: 0 | V10: 0 | W10: 0 | X10: 0 | Y10: 0.356 | Z10: 0.155 | AA10: 0.917 | AB10: 0.091 | AC10: 0.467 | AD10: 0.513 | AE10: =SUMPRODUCT(Plan!$C$6:$H$6,D10:I10) -> 381.90001 | AF10: =SQRT(MAX(0,Plan!$C$6*J10^2+Plan!$D$6*K10^2+Plan!$E$6*L10^2+Plan!$F$6*M10^2+Plan!$G$6*N10^2+Plan!$H$6*O10^2+2*Plan!$C$6*Plan!$D$6*P10*J10*K10+2*Plan!$C$6*Plan!$E$6*Q10*J10*L10+2*Plan!$C$6*Plan!$F$6*R10*J10*M10+2*Plan!$C$6*Plan!$G$6*S10*J10*N10+2*Plan!$C$6*Plan!$H$6*T10*J10*O10+2*Plan!$D$6*Plan!$E$6*U10*K10*L10+2*Plan!$D$6*Plan!$F$6*V10*K10*M10+2*Plan!$D$6*Plan!$G$6*W10*K10*N10+2*Plan!$D$6*Plan!$H$6*X10*K10*O10+2*Plan!$E$6*Plan!$F$6*Y10*L10*M10+2*Plan!$E$6*Plan!$G$6*Z10*L10*N10+2*Plan!$E$6*Plan!$H$6*AA10*L10*O10+2*Plan!$F$6*Plan!$G$6*AB10*M10*N10+2*Plan!$F$6*Plan!$H$6*AC10*M10*O10+2*Plan!$G$6*Plan!$H$6*AD10*N10*O10)) -> 48.858634 | AG10: =MIN(1,SUM(AH10:AL10)) -> 1 | AH10: 0.9355 | AI10: 0 | AJ10: 0 | AK10: 0.9254 | AL10: 0 | AM10: 499.10001 | AN10: 1
A11: 48091310702 | B11: 78070 | C11: 6801 | D11: 114.5 | E11: 0 | F11: 258.60001 | G11: 0 | H11: 175.5 | I11: 0.5 | J11: 34.16 | K11: 0 | L11: 51.475 | M11: 0 | N11: 58.401 | O11: 0.084 | P11: 0 | Q11: 0.139 | R11: 0 | S11: 0.184 | T11: 0.158 | U11: 0 | V11: 0 | W11: 0 | X11: 0 | Y11: 0 | Z11: 0.083 | AA11: 0.88 | AB11: 0 | AC11: 0 | AD11: 0.543 | AE11: =SUMPRODUCT(Plan!$C$6:$H$6,D11:I11) -> 373.10001 | AF11: =SQRT(MAX(0,Plan!$C$6*J11^2+Plan!$D$6*K11^2+Plan!$E$6*L11^2+Plan!$F$6*M11^2+Plan!$G$6*N11^2+Plan!$H$6*O11^2+2*Plan!$C$6*Plan!$D$6*P11*J11*K11+2*Plan!$C$6*Plan!$E$6*Q11*J11*L11+2*Plan!$C$6*Plan!$F$6*R11*J11*M11+2*Plan!$C$6*Plan!$G$6*S11*J11*N11+2*Plan!$C$6*Plan!$H$6*T11*J11*O11+2*Plan!$D$6*Plan!$E$6*U11*K11*L11+2*Plan!$D$6*Plan!$F$6*V11*K11*M11+2*Plan!$D$6*Plan!$G$6*W11*K11*N11+2*Plan!$D$6*Plan!$H$6*X11*K11*O11+2*Plan!$E$6*Plan!$F$6*Y11*L11*M11+2*Plan!$E$6*Plan!$G$6*Z11*L11*N11+2*Plan!$E$6*Plan!$H$6*AA11*L11*O11+2*Plan!$F$6*Plan!$G$6*AB11*M11*N11+2*Plan!$F$6*Plan!$H$6*AC11*M11*O11+2*Plan!$G$6*Plan!$H$6*AD11*N11*O11)) -> 65.615642 | AG11: =MIN(1,SUM(AH11:AL11)) -> 0.6439 | AH11: 0 | AI11: 0 | AJ11: 0.6439 | AK11: 0 | AL11: 0 | AM11: 620.70001 | AN11: 0
A12: 48091310302 | B12: 78130 | C12: 5197 | D12: 117.3 | E12: 0 | F12: 246.89999 | G12: 54.400002 | H12: 111.6 | I12: 0.60000002 | J12: 28.635 | K12: 0 | L12: 49.3 | M12: 9.658 | N12: 33.621 | O12: 0.091 | P12: 0 | Q12: 0.137 | R12: 0.145 | S12: 0.159 | T12: 0.2 | U12: 0 | V12: 0 | W12: 0 | X12: 0 | Y12: 0.112 | Z12: 0.055 | AA12: 0.916 | AB12: 0.125 | AC12: 0.369 | AD12: 0.378 | AE12: =SUMPRODUCT(Plan!$C$6:$H$6,D12:I12) -> 364.2 | AF12: =SQRT(MAX(0,Plan!$C$6*J12^2+Plan!$D$6*K12^2+Plan!$E$6*L12^2+Plan!$F$6*M12^2+Plan!$G$6*N12^2+Plan!$H$6*O12^2+2*Plan!$C$6*Plan!$D$6*P12*J12*K12+2*Plan!$C$6*Plan!$E$6*Q12*J12*L12+2*Plan!$C$6*Plan!$F$6*R12*J12*M12+2*Plan!$C$6*Plan!$G$6*S12*J12*N12+2*Plan!$C$6*Plan!$H$6*T12*J12*O12+2*Plan!$D$6*Plan!$E$6*U12*K12*L12+2*Plan!$D$6*Plan!$F$6*V12*K12*M12+2*Plan!$D$6*Plan!$G$6*W12*K12*N12+2*Plan!$D$6*Plan!$H$6*X12*K12*O12+2*Plan!$E$6*Plan!$F$6*Y12*L12*M12+2*Plan!$E$6*Plan!$G$6*Z12*L12*N12+2*Plan!$E$6*Plan!$H$6*AA12*L12*O12+2*Plan!$F$6*Plan!$G$6*AB12*M12*N12+2*Plan!$F$6*Plan!$H$6*AC12*M12*O12+2*Plan!$G$6*Plan!$H$6*AD12*N12*O12)) -> 60.309705 | AG12: =MIN(1,SUM(AH12:AL12)) -> 1 | AH12: 0.9565 | AI12: 0.176 | AJ12: 0 | AK12: 0.9025 | AL12: 0.1638 | AM12: 521.40002 | AN12: 0
A13: 48091310610 | B13: 78070 | C13: 2942 | D13: 58.299999 | E13: 0 | F13: 259 | G13: 28.4 | H13: 72.300003 | I13: 104.9 | J13: 15.258 | K13: 0 | L13: 31.517 | M13: 3.628 | N13: 13.536 | O13: 11.532 | P13: 0 | Q13: 0.186 | R13: 0.208 | S13: 0.561 | T13: 0.218 | U13: 0 | V13: 0 | W13: 0 | X13: 0 | Y13: 0.659 | Z13: 0.166 | AA13: 0.966 | AB13: 0.196 | AC13: 0.8 | AD13: 0.306 | AE13: =SUMPRODUCT(Plan!$C$6:$H$6,D13:I13) -> 317.3 | AF13: =SQRT(MAX(0,Plan!$C$6*J13^2+Plan!$D$6*K13^2+Plan!$E$6*L13^2+Plan!$F$6*M13^2+Plan!$G$6*N13^2+Plan!$H$6*O13^2+2*Plan!$C$6*Plan!$D$6*P13*J13*K13+2*Plan!$C$6*Plan!$E$6*Q13*J13*L13+2*Plan!$C$6*Plan!$F$6*R13*J13*M13+2*Plan!$C$6*Plan!$G$6*S13*J13*N13+2*Plan!$C$6*Plan!$H$6*T13*J13*O13+2*Plan!$D$6*Plan!$E$6*U13*K13*L13+2*Plan!$D$6*Plan!$F$6*V13*K13*M13+2*Plan!$D$6*Plan!$G$6*W13*K13*N13+2*Plan!$D$6*Plan!$H$6*X13*K13*O13+2*Plan!$E$6*Plan!$F$6*Y13*L13*M13+2*Plan!$E$6*Plan!$G$6*Z13*L13*N13+2*Plan!$E$6*Plan!$H$6*AA13*L13*O13+2*Plan!$F$6*Plan!$G$6*AB13*M13*N13+2*Plan!$F$6*Plan!$H$6*AC13*M13*O13+2*Plan!$G$6*Plan!$H$6*AD13*N13*O13)) -> 37.483564 | AG13: =MIN(1,SUM(AH13:AL13)) -> 0.4629 | AH13: 0 | AI13: 0 | AJ13: 0.4629 | AK13: 0 | AL13: 0 | AM13: 270.5 | AN13: 1
... A34: 48091310708 | B34: 78163 | C34: 3381 | D34: 9.3000002 | E34: 0 | F34: 41.200001 | G34: 17.6 | H34: 166.10001 | I34: 0.5 | J34: 3.249 | K34: 0 | L34: 12.092 | M34: 3.335 | N34: 33.187 | O34: 0.088 | P34: 0 | Q34: 0.114 | R34: 0.128 | S34: 0.387 | T34: 0.106 | U34: 0 | V34: 0 | W34: 0 | X34: 0 | Y34: 0.208 | Z34: 0.133 | AA34: 0.664 | AB34: 0.148 | AC34: 0.397 | AD34: 0.761 | AE34: =SUMPRODUCT(Plan!$C$6:$H$6,D34:I34) -> 50.500001 | AF34: =SQRT(MAX(0,Plan!$C$6*J34^2+Plan!$D$6*K34^2+Plan!$E$6*L34^2+Plan!$F$6*M34^2+Plan!$G$6*N34^2+Plan!$H$6*O34^2+2*Plan!$C$6*Plan!$D$6*P34*J34*K34+2*Plan!$C$6*Plan!$E$6*Q34*J34*L34+2*Plan!$C$6*Plan!$F$6*R34*J34*M34+2*Plan!$C$6*Plan!$G$6*S34*J34*N34+2*Plan!$C$6*Plan!$H$6*T34*J34*O34+2*Plan!$D$6*Plan!$E$6*U34*K34*L34+2*Plan!$D$6*Plan!$F$6*V34*K34*M34+2*Plan!$D$6*Plan!$G$6*W34*K34*N34+2*Plan!$D$6*Plan!$H$6*X34*K34*O34+2*Plan!$E$6*Plan!$F$6*Y34*L34*M34+2*Plan!$E$6*Plan!$G$6*Z34*L34*N34+2*Plan!$E$6*Plan!$H$6*AA34*L34*O34+2*Plan!$F$6*Plan!$G$6*AB34*M34*N34+2*Plan!$F$6*Plan!$H$6*AC34*M34*O34+2*Plan!$G$6*Plan!$H$6*AD34*N34*O34)) -> 12.873612 | AG34: =MIN(1,SUM(AH34:AL34)) -> 0.9637 | AH34: 0 | AI34: 0 | AJ34: 0.6537 | AK34: 0 | AL34: 0.31 | AM34: 29.4 | AN34: 1

Sheet ZIP roll-up
A1: ZIP area (ZCTA, not always the mailing ZIP) | B1: Eligible uninsured (who counts) | C1: Of them, within reach of the plan
A2: 78130 | B2: =SUMIF('ZIP parts'!$B$2:$B$63,A2,'ZIP parts'!$E$2:$E$63) -> 5430.5663 | C2: =SUMIF('ZIP parts'!$B$2:$B$63,A2,'ZIP parts'!$F$2:$F$63) -> 5430.5663
A3: 78132 | B3: =SUMIF('ZIP parts'!$B$2:$B$63,A3,'ZIP parts'!$E$2:$E$63) -> 1572.6968 | C3: =SUMIF('ZIP parts'!$B$2:$B$63,A3,'ZIP parts'!$F$2:$F$63) -> 1533.3805
A4: 78070 | B4: =SUMIF('ZIP parts'!$B$2:$B$63,A4,'ZIP parts'!$E$2:$E$63) -> 1188.1258 | C4: =SUMIF('ZIP parts'!$B$2:$B$63,A4,'ZIP parts'!$F$2:$F$63) -> 696.14496
A5: 78133 | B5: =SUMIF('ZIP parts'!$B$2:$B$63,A5,'ZIP parts'!$E$2:$E$63) -> 1175.6132 | C5: =SUMIF('ZIP parts'!$B$2:$B$63,A5,'ZIP parts'!$F$2:$F$63) -> 978.02512
A6: 78163 | B6: =SUMIF('ZIP parts'!$B$2:$B$63,A6,'ZIP parts'!$E$2:$E$63) -> 454.9817 | C6: =SUMIF('ZIP parts'!$B$2:$B$63,A6,'ZIP parts'!$F$2:$F$63) -> 329.9174
A7: 78623 | B7: =SUMIF('ZIP parts'!$B$2:$B$63,A7,'ZIP parts'!$E$2:$E$63) -> 147.97672 | C7: =SUMIF('ZIP parts'!$B$2:$B$63,A7,'ZIP parts'!$F$2:$F$63) -> 94.40317
A8: 78266 | B8: =SUMIF('ZIP parts'!$B$2:$B$63,A8,'ZIP parts'!$E$2:$E$63) -> 100.0261 | C8: =SUMIF('ZIP parts'!$B$2:$B$63,A8,'ZIP parts'!$F$2:$F$63) -> 100.0261
A9: 78154 | B9: =SUMIF('ZIP parts'!$B$2:$B$63,A9,'ZIP parts'!$E$2:$E$63) -> 84.4171 | C9: =SUMIF('ZIP parts'!$B$2:$B$63,A9,'ZIP parts'!$F$2:$F$63) -> 84.4171
A10: 78666 | B10: =SUMIF('ZIP parts'!$B$2:$B$63,A10,'ZIP parts'!$E$2:$E$63) -> 62.22372 | C10: =SUMIF('ZIP parts'!$B$2:$B$63,A10,'ZIP parts'!$F$2:$F$63) -> 52.265895
A11: 78606 | B11: =SUMIF('ZIP parts'!$B$2:$B$63,A11,'ZIP parts'!$E$2:$E$63) -> 48.232999 | C11: =SUMIF('ZIP parts'!$B$2:$B$63,A11,'ZIP parts'!$F$2:$F$63) -> 14.305908
A12: 78108 | B12: =SUMIF('ZIP parts'!$B$2:$B$63,A12,'ZIP parts'!$E$2:$E$63) -> 30.4458 | C12: =SUMIF('ZIP parts'!$B$2:$B$63,A12,'ZIP parts'!$F$2:$F$63) -> 30.4458
A13: 78006 | B13: =SUMIF('ZIP parts'!$B$2:$B$63,A13,'ZIP parts'!$E$2:$E$63) -> 19.648091 | C13: =SUMIF('ZIP parts'!$B$2:$B$63,A13,'ZIP parts'!$F$2:$F$63) -> 9.5804089
... A15: 78676 | B15: =SUMIF('ZIP parts'!$B$2:$B$63,A15,'ZIP parts'!$E$2:$E$63) -> 8.9793999 | C15: =SUMIF('ZIP parts'!$B$2:$B$63,A15,'ZIP parts'!$F$2:$F$63) -> 2.66329

Sheet ZIP parts
A1: Tract | B1: ZIP area | C1: Share of the tract's land in the ZIP area | D1: Tract eligible (from Call sheet) | E1: Eligible in this part | F1: Reach share of the plan
A2: 48091310706 | B2: 78006 | C2: 0.0869 | D2: =INDEX('Call sheet'!$AE$2:$AE$34,MATCH(A2,'Call sheet'!$A$2:$A$34,0)) -> 226.10001 | E2: =C2*D2 -> 19.648091 | F2: =INDEX('Call sheet'!$AG$2:$AG$34,MATCH(A2,'Call sheet'!$A$2:$A$34,0))*E2 -> 9.5804089
A3: 48091310706 | B3: 78015 | C3: 0.0679 | D3: =INDEX('Call sheet'!$AE$2:$AE$34,MATCH(A3,'Call sheet'!$A$2:$A$34,0)) -> 226.10001 | E3: =C3*D3 -> 15.35219 | F3: =INDEX('Call sheet'!$AG$2:$AG$34,MATCH(A3,'Call sheet'!$A$2:$A$34,0))*E3 -> 7.485728
A4: 48091310603 | B4: 78070 | C4: 0.4059 | D4: =INDEX('Call sheet'!$AE$2:$AE$34,MATCH(A4,'Call sheet'!$A$2:$A$34,0)) -> 278 | E4: =C4*D4 -> 112.8402 | F4: =INDEX('Call sheet'!$AG$2:$AG$34,MATCH(A4,'Call sheet'!$A$2:$A$34,0))*E4 -> 33.468403
A5: 48091310608 | B5: 78070 | C5: 0.1428 | D5: =INDEX('Call sheet'!$AE$2:$AE$34,MATCH(A5,'Call sheet'!$A$2:$A$34,0)) -> 277.2 | E5: =C5*D5 -> 39.58416 | F5: =INDEX('Call sheet'!$AG$2:$AG$34,MATCH(A5,'Call sheet'!$A$2:$A$34,0))*E5 -> 32.257132
A6: 48091310609 | B6: 78070 | C6: 0.6461 | D6: =INDEX('Call sheet'!$AE$2:$AE$34,MATCH(A6,'Call sheet'!$A$2:$A$34,0)) -> 268.90001 | E6: =C6*D6 -> 173.73629 | F6: =INDEX('Call sheet'!$AG$2:$AG$34,MATCH(A6,'Call sheet'!$A$2:$A$34,0))*E6 -> 100.87129
A7: 48091310610 | B7: 78070 | C7: 1 | D7: =INDEX('Call sheet'!$AE$2:$AE$34,MATCH(A7,'Call sheet'!$A$2:$A$34,0)) -> 317.3 | E7: =C7*D7 -> 317.3 | F7: =INDEX('Call sheet'!$AG$2:$AG$34,MATCH(A7,'Call sheet'!$A$2:$A$34,0))*E7 -> 146.87817
A8: 48091310702 | B8: 78070 | C8: 1 | D8: =INDEX('Call sheet'!$AE$2:$AE$34,MATCH(A8,'Call sheet'!$A$2:$A$34,0)) -> 373.10001 | E8: =C8*D8 -> 373.10001 | F8: =INDEX('Call sheet'!$AG$2:$AG$34,MATCH(A8,'Call sheet'!$A$2:$A$34,0))*E8 -> 240.23909
A9: 48091310703 | B9: 78070 | C9: 0.5621 | D9: =INDEX('Call sheet'!$AE$2:$AE$34,MATCH(A9,'Call sheet'!$A$2:$A$34,0)) -> 293.5 | E9: =C9*D9 -> 164.97635 | F9: =INDEX('Call sheet'!$AG$2:$AG$34,MATCH(A9,'Call sheet'!$A$2:$A$34,0))*E9 -> 137.70576
A10: 48091310705 | B10: 78070 | C10: 0.0366 | D10: =INDEX('Call sheet'!$AE$2:$AE$34,MATCH(A10,'Call sheet'!$A$2:$A$34,0)) -> 92.299999 | E10: =C10*D10 -> 3.37818 | F10: =INDEX('Call sheet'!$AG$2:$AG$34,MATCH(A10,'Call sheet'!$A$2:$A$34,0))*E10 -> 3.1596117
A11: 48091310706 | B11: 78070 | C11: 0.0142 | D11: =INDEX('Call sheet'!$AE$2:$AE$34,MATCH(A11,'Call sheet'!$A$2:$A$34,0)) -> 226.10001 | E11: =C11*D11 -> 3.2106201 | F11: =INDEX('Call sheet'!$AG$2:$AG$34,MATCH(A11,'Call sheet'!$A$2:$A$34,0))*E11 -> 1.5654984
A12: 48091310804 | B12: 78108 | C12: 0.0659 | D12: =INDEX('Call sheet'!$AE$2:$AE$34,MATCH(A12,'Call sheet'!$A$2:$A$34,0)) -> 462 | E12: =C12*D12 -> 30.4458 | F12: =INDEX('Call sheet'!$AG$2:$AG$34,MATCH(A12,'Call sheet'!$A$2:$A$34,0))*E12 -> 30.4458
A13: 48091310100 | B13: 78130 | C13: 1 | D13: =INDEX('Call sheet'!$AE$2:$AE$34,MATCH(A13,'Call sheet'!$A$2:$A$34,0)) -> 222.4 | E13: =C13*D13 -> 222.4 | F13: =INDEX('Call sheet'!$AG$2:$AG$34,MATCH(A13,'Call sheet'!$A$2:$A$34,0))*E13 -> 222.4
... A63: 48091310603 | B63: 78676 | C63: 0.0323 | D63: =INDEX('Call sheet'!$AE$2:$AE$34,MATCH(A63,'Call sheet'!$A$2:$A$34,0)) -> 278 | E63: =C63*D63 -> 8.9793999 | F63: =INDEX('Call sheet'!$AG$2:$AG$34,MATCH(A63,'Call sheet'!$A$2:$A$34,0))*E63 -> 2.66329

Sheet Venues
A1: Venue | B1: Kind | C1: Address | D1: City | E1: ZIP | F1: Latitude | G1: Longitude | H1: Tract | I1: In the plan
A2: New Braunfels Public Library | B2: Library | C2: 700 E Common St | D2: New Braunfels | E2: 78130 | F2: 29.713507 | G2: -98.112705 | H2: 48091310200 | I2: Yes
A3: Westside Community Center Library | B3: Library | C3: 2932 S Ih 35 | D3: New Braunfels | E3: 78130 | F3: 29.679859 | G3: -98.147383 | H3: 48091310401 | I3: Yes
A4: Mammen Family Public Library | B4: Library | C4: 131 Bulverde Crossing Rd | D4: Bulverde | E4: 78163 | F4: 29.794185 | G4: -98.422793 | H4: 48091310705 | I4: Yes
A5: Tye Preston Memorial Library | B5: Library | C5: 16311 S Access Rd | D5: Canyon Lake | E5: 78133 | F5: 29.867117 | G5: -98.189608 | H5: 48091310611 | I5: Yes
A6: City Of Garden Ridge Library | B6: Library | C6: 9400 Municipal Pkwy | D6: Garden Ridge | E6: 78266 | F6: 29.639455 | G6: -98.300413 | H6: 48091310801 | I6: Yes
A7: Communicare Health Centers - New Braunfels | B7: Health center | C7: 169 Interstate 35 S | D7: New Braunfels | E7: 78130 | F7: 29.689497 | G7: -98.112854 | H7: 48091310404
A8: Centromed Family Medicine Clinic | B8: Health center | C8: 226 N Union Ave | D8: New Braunfels | E8: 78130 | F8: 29.711228 | G8: -98.120341 | H8: 48091310200
A9: Centromed Sa Pediatrics | B9: Health center | C9: 955 Loop 337 | D9: New Braunfels | E9: 78130 | F9: 29.719349 | G9: -98.104422 | H9: 48091310200

Sheet Assumptions and sources
A1: Estimates: ACS 2020-2024 5-year tables C27016 and B27020 (Census), small-area model with CDC PLACES 2025, Census SAHIE 2024 and ACS 2024 1-year PUMS. Ranges are 5th to 95th percentiles of 1,000 draws.
A2: Reach rule: each site reaches a tract with weight exp(-2 (d / R)^2) up to R = 15 miles; d is straight-line miles x 1.3. A tract's share is the sum over sites, capped at 1.
A3: Sites: libraries (IMLS FY2023; some will have closed) and permanent health center service sites open 20 or more hours a week (HRSA, 2026-10-23). They stand in for places an assister can meet people.
A4: The interval: tract ranges are combined with their correlations as if tracts were independent, then multiplied by the county factor in Plan!B13 (checked against Monte Carlo on the page). It is for the default settings.
A5: Noncitizen adults are shown apart. The survey cannot tell green card holders from other noncitizens, so eligibility varies.
A6: Open enrollment: HealthCare.gov: enroll by Dec 15 for Jan 1 coverage; open until Jan 15. (checked 2026-10-23; https://content.naic.org/article/what-are-my-health-plan-options-2027).
A7: Medicaid expansion: not adopted in AL, FL, GA, KS, MS, SC, TN, TX, WI, WY (KFF, checked 2026-10-23). Wisconsin has a waiver program that covers adults under 100%; Georgia's Pathways has a work requirement and is not counted.
A8: Survey years are 2020-2024 and predate the 2026 drop in enrollment. Distance is straight-line, with no transit, hours or language.
